序号,所属类别,物品/行动名称,交互形式,文案内容
4-1,过场,进入绿洲,,绿洲从未竟的声声叹息中生长 这一刻：绿洲悲歌
4-2,描述性,残破武器,根处插着的两把规格不同的剑,"两把剑。剑刃已经锈蚀、断裂，剑柄上还留着不同的纹饰。它们曾经指向彼此，可现在植物根系已经将它们紧紧盘绕包裹在一起，如同一座铁墓碑。"
4-3,独白,残破武器,,"它们的主人站在战场上时，一定坚信自己有挥剑的理由。如果仇恨与希望已经无从辨认，那么他们曾经忍受的究竟是什么呢？"
4-4,描述性,枯骨与发光植物,靠近,"半埋于泥土中的骨架，与葳蕤的草木浑然交融，若不细看会以为它们本就是这片土地的一部分。
白骨丛间，奇异的发光植物肆意舒展，明灭起落，莹莹微光随风四散。"
4-5,独白,枯骨与发光植物,,"看来，这里确实就是那场最终战役的古战场了。那么多交错的白骨……究竟有多少人在此长眠？曾经旌旗蔽日，刀兵相接，喊杀声与哀号声此起彼伏。直到……直到一切都被风沙吞没。
不过奇怪的是，这里的植物倒格外繁盛。难道这片绿洲……是用他们的尸骨孕育出来的吗？"
4-6,描述性,拔出骨头,靠近绿洲深处的白骨,"诸多白骨之中，唯独有一具显得尤为奇异。半截枯骨露在土壤之外，上面布满密密麻麻的刻痕。那些细小的划痕交叠在一起，隐约组成某种古老的几何纹样。
走近时，隐隐约约的低语声似乎从骨头深处传来。顺着骨缝钻出的嫩芽在风中颤抖，像是在阻止，又像是在渴求着什么。"
4-7,独白,拔出骨头,,"无论怎么看，这具枯骨都不太对劲。
把它拔出来……真的好吗？
……算了，既然已经走到这里，就没有回头的理由。"
4-8,描述性,拔出骨头,拔出,"（骨头被抽离地面的那一刻，地底传来低沉的轰鸣）
（低语声骤然拔高，尖锐得近乎凄厉）
（平静的绿洲泛起涟漪，原本温和的微风变成了狂乱的乱流）"
4-9,独白,拔出骨头,,"怎么回事？！
风……风变大了！有什么东西醒过来了！
得赶紧跑！原路返回！快！"
4-10,独白,boss战后,,"原来……是这样吗。
不管是哪一方，他们到最后都在拼命守护着什么。
哪怕身躯早已腐朽，甚至忘记了自己在同谁作战，这股战意也依然在这片废墟中盲目地盘旋、重复……"
4-11,独白,离开绿洲,离开绿洲,"那些光点……融入绿洲里了。
它们没有消散，只是终于停下了。
走吧，该离开这里了。去把这片绿洲的故事……带回去。"
